speech_001|mot hai ba bon nam sau bay tam chin khong|mot hai ba bon nam sau bay tam chin khong
speech_002|mot hai ba bon nam sau bay tam chin khong|mot hai ba bon nam sau bay tam chin khong
speech_003|mot hai ba bon nam sau bay tam chin khong|mot hai ba bon nam sau bay tam chin khong
speech_004|mot hai ba bon nam sau bay tam chin khong|mot hai ba bon nam sau bay tam chin khong
speech_005|mot hai ba bon nam sau bay tam chin khong|mot hai ba bon nam sau bay tam chin khong
speech_006|mot hai ba bon nam sau bay tam chin khong|mot hai ba bon nam sau bay tam chin khong
speech_007|mot hai ba bon nam sau bay tam chin khong|mot hai ba bon nam sau bay tam chin khong
speech_008|mot hai ba bon nam sau bay tam chin khong|mot hai ba bon nam sau bay tam chin khong
speech_009|mot hai ba bon nam sau bay tam chin khong|mot hai ba bon nam sau bay tam chin khong
speech_010|mot hai ba bon nam sau bay tam chin khong|mot hai ba bon nam sau bay tam chin khong
speech_011|mot hai ba bon nam sau bay tam chin khong|mot hai ba bon nam sau bay tam chin khong
speech_012|mot hai ba bon nam sau bay tam chin khong|mot hai ba bon nam sau bay tam chin khong
speech_013|mot hai ba bon nam sau bay tam chin khong|mot hai ba bon nam sau bay tam chin khong
speech_014|mot hai ba bon nam sau bay tam chin khong|mot hai ba bon nam sau bay tam chin khong
speech_015|mot hai ba bon nam sau bay tam chin khong|mot hai ba bon nam sau bay tam chin khong
speech_016|mot hai ba bon nam sau bay tam chin khong|mot hai ba bon nam sau bay tam chin khong
speech_017|mot hai ba bon nam sau bay tam chin khong|mot hai ba bon nam sau bay tam chin khong
speech_018|mot hai ba bon nam sau bay tam chin khong|mot hai ba bon nam sau bay tam chin khong
speech_019|mot hai ba bon nam sau bay tam chin khong|mot hai ba bon nam sau bay tam chin khong
speech_020|mot hai ba bon nam sau bay tam chin khong|mot hai ba bon nam sau bay tam chin khong
speech_021|mot hai ba bon nam sau bay tam chin khong|mot hai ba bon nam sau bay tam chin khong
speech_022|mot hai ba bon nam sau bay tam chin khong|mot hai ba bon nam sau bay tam chin khong
speech_023|mot hai ba bon nam sau bay tam chin khong|mot hai ba bon nam sau bay tam chin khong
speech_024|mot hai ba bon nam sau bay tam chin khong|mot hai ba bon nam sau bay tam chin khong
speech_025|mot hai ba bon nam sau bay tam chin khong|mot hai ba bon nam sau bay tam chin khong
speech_026|mot hai ba bon nam sau bay tam chin khong|mot hai ba bon nam sau bay tam chin khong
speech_027|mot hai ba bon nam sau bay tam chin khong|mot hai ba bon nam sau bay tam chin khong
speech_028|mot hai ba bon nam sau bay tam chin khong|mot hai ba bon nam sau bay tam chin khong
speech_029|mot hai ba bon nam sau bay tam chin khong|mot hai ba bon nam sau bay tam chin khong
speech_030|mot hai ba bon nam sau bay tam chin khong|mot hai ba bon nam sau bay tam chin khong
speech_031|mot hai ba bon nam sau bay tam chin khong|mot hai ba bon nam sau bay tam chin khong
speech_032|mot hai ba bon nam sau bay tam chin khong|mot hai ba bon nam sau bay tam chin khong
speech_033|mot hai ba bon nam sau bay tam chin khong|mot hai ba bon nam sau bay tam chin khong
speech_034|mot hai ba bon nam sau bay tam chin khong|mot hai ba bon nam sau bay tam chin khong
speech_035|mot hai ba bon nam sau bay tam chin khong|mot hai ba bon nam sau bay tam chin khong
speech_036|mot hai ba bon nam sau bay tam chin khong|mot hai ba bon nam sau bay tam chin khong
speech_037|mot hai ba bon nam sau bay tam chin khong|mot hai ba bon nam sau bay tam chin khong
speech_038|mot hai ba bon nam sau bay tam chin khong|mot hai ba bon nam sau bay tam chin khong
speech_039|mot hai ba bon nam sau bay tam chin khong|mot hai ba bon nam sau bay tam chin khong
speech_040|mot hai ba bon nam sau bay tam chin khong|mot hai ba bon nam sau bay tam chin khong
speech_041|mot hai ba bon nam sau bay tam chin khong|mot hai ba bon nam sau bay tam chin khong
speech_042|mot hai ba bon nam sau bay tam chin khong|mot hai ba bon nam sau bay tam chin khong
speech_043|mot hai ba bon nam sau bay tam chin khong|mot hai ba bon nam sau bay tam chin khong
speech_044|mot hai ba bon nam sau bay tam chin khong|mot hai ba bon nam sau bay tam chin khong
speech_045|mot hai ba bon nam sau bay tam chin khong|mot hai ba bon nam sau bay tam chin khong
speech_046|mot hai ba bon nam sau bay tam chin khong|mot hai ba bon nam sau bay tam chin khong
speech_047|mot hai ba bon nam sau bay tam chin khong|mot hai ba bon nam sau bay tam chin khong
speech_048|mot hai ba bon nam sau bay tam chin khong|mot hai ba bon nam sau bay tam chin khong
speech_049|mot hai ba bon nam sau bay tam chin khong|mot hai ba bon nam sau bay tam chin khong
speech_050|mot hai ba bon nam sau bay tam chin khong|mot hai ba bon nam sau bay tam chin khong
speech_051|mot hai ba bon nam sau bay tam chin khong|mot hai ba bon nam sau bay tam chin khong
speech_052|mot hai ba bon nam sau bay tam chin khong|mot hai ba bon nam sau bay tam chin khong
speech_053|mot hai ba bon nam sau bay tam chin khong|mot hai ba bon nam sau bay tam chin khong
speech_054|mot hai ba bon nam sau bay tam chin khong|mot hai ba bon nam sau bay tam chin khong
speech_055|mot hai ba bon nam sau bay tam chin khong|mot hai ba bon nam sau bay tam chin khong
speech_056|mot hai ba bon nam sau bay tam chin khong|mot hai ba bon nam sau bay tam chin khong
speech_057|mot hai ba bon nam sau bay tam chin khong|mot hai ba bon nam sau bay tam chin khong
speech_058|mot hai ba bon nam sau bay tam chin khong|mot hai ba bon nam sau bay tam chin khong
speech_059|mot hai ba bon nam sau bay tam chin khong|mot hai ba bon nam sau bay tam chin khong
speech_060|mot hai ba bon nam sau bay tam chin khong|mot hai ba bon nam sau bay tam chin khong
speech_061|mot hai ba bon nam sau bay tam chin khong|mot hai ba bon nam sau bay tam chin khong
speech_062|mot hai ba bon nam sau bay tam chin khong|mot hai ba bon nam sau bay tam chin khong
speech_063|mot hai ba bon nam sau bay tam chin khong|mot hai ba bon nam sau bay tam chin khong
speech_064|mot hai ba bon nam sau bay tam chin khong|mot hai ba bon nam sau bay tam chin khong
speech_065|mot hai ba bon nam sau bay tam chin khong|mot hai ba bon nam sau bay tam chin khong
speech_066|mot hai ba bon nam sau bay tam chin khong|mot hai ba bon nam sau bay tam chin khong
speech_067|mot hai ba bon nam sau bay tam chin khong|mot hai ba bon nam sau bay tam chin khong
speech_068|mot hai ba bon nam sau bay tam chin khong|mot hai ba bon nam sau bay tam chin khong
speech_069|mot hai ba bon nam sau bay tam chin khong|mot hai ba bon nam sau bay tam chin khong
speech_070|mot hai ba bon nam sau bay tam chin khong|mot hai ba bon nam sau bay tam chin khong
speech_071|mot hai ba bon nam sau bay tam chin khong|mot hai ba bon nam sau bay tam chin khong
speech_072|mot hai ba bon nam sau bay tam chin khong|mot hai ba bon nam sau bay tam chin khong
speech_073|mot hai ba bon nam sau bay tam chin khong|mot hai ba bon nam sau bay tam chin khong
speech_074|mot hai ba bon nam sau bay tam chin khong|mot hai ba bon nam sau bay tam chin khong
speech_075|mot mot mot mot mot mot mot mot mot mot mot mot|mot mot mot mot mot mot mot mot mot mot mot mot
speech_076|hai hai hai hai hai hai hai hai hai hai hai hai|hai hai hai hai hai hai hai hai hai hai hai hai
speech_077|ba ba ba ba ba ba ba ba ba ba ba ba|ba ba ba ba ba ba ba ba ba ba ba ba
speech_078|bon bon bon bon bon bon bon bon bon bon bon bon|bon bon bon bon bon bon bon bon bon bon bon bon
speech_079|nam nam nam nam nam nam nam nam nam nam nam nam|nam nam nam nam nam nam nam nam nam nam nam nam
speech_080|sau sau sau sau sau sau sau sau sau sau sau sau|sau sau sau sau sau sau sau sau sau sau sau sau
speech_081|bay bay bay bay bay bay bay bay bay bay bay bay|bay bay bay bay bay bay bay bay bay bay bay bay
speech_082|tam tam tam tam tam tam tam tam tam tam tam tam|tam tam tam tam tam tam tam tam tam tam tam tam
speech_083|chin chin chin chin chin chin chin chin chin chin chin chin|chin chin chin chin chin chin chin chin chin chin chin chin
speech_084|khong khong khong khong khong khong khong khong khong khong khong khong|khong khong khong khong khong khong khong khong khong khong khong khong
speech_085|mot mot mot mot mot mot mot mot mot mot mot mot|mot mot mot mot mot mot mot mot mot mot mot mot
speech_086|hai hai hai hai hai hai hai hai hai hai hai hai|hai hai hai hai hai hai hai hai hai hai hai hai
speech_087|ba ba ba ba ba ba ba ba ba ba ba ba|ba ba ba ba ba ba ba ba ba ba ba ba
speech_088|bon bon bon bon bon bon bon bon bon bon bon bon|bon bon bon bon bon bon bon bon bon bon bon bon
speech_089|nam nam nam nam nam nam nam nam nam nam nam nam|nam nam nam nam nam nam nam nam nam nam nam nam
speech_090|sau sau sau sau sau sau sau sau sau sau sau sau|sau sau sau sau sau sau sau sau sau sau sau sau
speech_091|bay bay bay bay bay bay bay bay bay bay bay bay|bay bay bay bay bay bay bay bay bay bay bay bay
speech_092|tam tam tam tam tam tam tam tam tam tam tam tam|tam tam tam tam tam tam tam tam tam tam tam tam
speech_093|chin chin chin chin chin chin chin chin chin chin chin chin|chin chin chin chin chin chin chin chin chin chin chin chin
speech_094|khong khong khong khong khong khong khong khong khong khong khong khong|khong khong khong khong khong khong khong khong khong khong khong khong
speech_095|khong chin tam bay sau nam bon ba hai mot|khong chin tam bay sau nam bon ba hai mot
speech_096|khong chin tam bay sau nam bon ba hai mot|khong chin tam bay sau nam bon ba hai mot
speech_097|khong chin tam bay sau nam bon ba hai mot|khong chin tam bay sau nam bon ba hai mot
speech_098|khong chin tam bay sau nam bon ba hai mot|khong chin tam bay sau nam bon ba hai mot
speech_099|khong chin tam bay sau nam bon ba hai mot|khong chin tam bay sau nam bon ba hai mot
speech_100|khong chin tam bay sau nam bon ba hai mot|khong chin tam bay sau nam bon ba hai mot
speech_101|khong chin tam bay sau nam bon ba hai mot|khong chin tam bay sau nam bon ba hai mot
speech_102|khong chin tam bay sau nam bon ba hai mot|khong chin tam bay sau nam bon ba hai mot
speech_103|khong chin tam bay sau nam bon ba hai mot|khong chin tam bay sau nam bon ba hai mot
speech_104|khong chin tam bay sau nam bon ba hai mot|khong chin tam bay sau nam bon ba hai mot
speech_105|mot mot mot mot mot mot mot mot mot mot mot mot|mot mot mot mot mot mot mot mot mot mot mot mot
speech_106|hai hai hai hai hai hai hai hai hai hai hai hai|hai hai hai hai hai hai hai hai hai hai hai hai
speech_107|ba ba ba ba ba ba ba ba ba ba ba ba|ba ba ba ba ba ba ba ba ba ba ba ba
speech_108|bon bon bon bon bon bon bon bon bon bon bon bon|bon bon bon bon bon bon bon bon bon bon bon bon
speech_109|nam nam nam nam nam nam nam nam nam nam nam nam|nam nam nam nam nam nam nam nam nam nam nam nam
speech_110|sau sau sau sau sau sau sau sau sau sau sau sau|sau sau sau sau sau sau sau sau sau sau sau sau
speech_111|bay bay bay bay bay bay bay bay bay bay bay bay|bay bay bay bay bay bay bay bay bay bay bay bay
speech_112|tam tam tam tam tam tam tam tam tam tam tam tam|tam tam tam tam tam tam tam tam tam tam tam tam
speech_113|chin chin chin chin chin chin chin chin chin chin chin chin|chin chin chin chin chin chin chin chin chin chin chin chin
speech_114|khong khong khong khong khong khong khong khong khong khong khong khong|khong khong khong khong khong khong khong khong khong khong khong khong
